﻿<?xml version="1.0" encoding="utf-8" ?>
<Table KeyType="System.UInt32" ValueType="System.String">
  <Element Key="0x02499000">Inside the Deku Tree</Element>
  <Element Key="0x01F12000">Dodongo's Cavern</Element>
  <Element Key="0x0273E000">Inside Jabu-Jabu's Belly</Element>
  <Element Key="0x023CF000">Forest Temple</Element>
  <Element Key="0x022D8000">Fire Temple</Element>
  <Element Key="0x025B8000">Water Temple</Element>
  <Element Key="0x02ADE000">Spirit Temple</Element>
  <Element Key="0x027A7000">Shadow Temple</Element>
  <Element Key="0x032C6000">Bottom of the Well</Element>
  <Element Key="0x02BEB000">Ice Cavern</Element>
  <Element Key="0x02EE3000">Ganon's Castle Tower</Element>
  <Element Key="0x02875000">Gerudo Training Grounds</Element>
  <Element Key="0x03292000">Thieves' Hideout</Element>
  <Element Key="0x0318E000">Ganon's Castle</Element>
  <Element Key="0x033CA000">Ganon's Castle Tower (Crumbling)</Element>
  <Element Key="0x0344A000">Ganon's Castle (Crumbling)</Element>
  <Element Key="0x033A6000">Treasure Chest Contest</Element>
  <Element Key="0x02EB4000">Inside the Deku Tree (Boss)</Element>
  <Element Key="0x02EA8000">Dodongo's Cavern (Boss)</Element>
  <Element Key="0x02CB0000">Inside Jabu-Jabu's Belly (Boss)</Element>
  <Element Key="0x0284A000">Forest Temple (Boss)</Element>
  <Element Key="0x02CBB000">Fire Temple (Boss)</Element>
  <Element Key="0x02ED0000">Water Temple (Boss)</Element>
  <Element Key="0x02F57000">Spirit Temple (Mid-Boss)</Element>
  <Element Key="0x02EC4000">Shadow Temple (Boss)</Element>
  <Element Key="0x02F49000">Second-To-Last Boss Ganondorf</Element>
  <Element Key="0x02FE7000">Ganondorf, Death Scene</Element>
  <Element Key="0x02717000">Market Entrance (Day)</Element>
  <Element Key="0x029DA000">Market Entrance (Night)</Element>
  <Element Key="0x02A01000">Market Entrance (Adult)</Element>
  <Element Key="0x02944000">Back Alley (Day)</Element>
  <Element Key="0x02A28000">Back Alley (Night)</Element>
  <Element Key="0x022C6000">Market (Day)</Element>
  <Element Key="0x022CF000">Market (Night)</Element>
  <Element Key="0x029D5000">Market (Adult)</Element>
  <Element Key="0x03075000">Temple of Time (Outside, Day)</Element>
  <Element Key="0x030E4000">Temple of Time (Outside, Night)</Element>
  <Element Key="0x03139000">Temple of Time (Outside, Adult)</Element>
  <Element Key="0x02686000">Know-it-all Brothers</Element>
  <Element Key="0x02AA5000">House of Twins</Element>
  <Element Key="0x02F79000">Mido's House</Element>
  <Element Key="0x02FB4000">Saria's House</Element>
  <Element Key="0x02C84000">Kakariko Village House</Element>
  <Element Key="0x03007000">Back Alley Village House</Element>
  <Element Key="0x028E3000">Kakariko Bazaar</Element>
  <Element Key="0x02586000">Kokiri Shop</Element>
  <Element Key="0x02D32000">Goron Shop</Element>
  <Element Key="0x02D5A000">Zora Shop</Element>
  <Element Key="0x02D82000">Kakariko Potion Shop</Element>
  <Element Key="0x02DAF000">Market Potion Shop</Element>
  <Element Key="0x02DD7000">Bombchu Shop</Element>
  <Element Key="0x03409000">Happy Mask Shop</Element>
  <Element Key="0x0255C000">Link's House</Element>
  <Element Key="0x02E01000">Puppy Woman's House</Element>
  <Element Key="0x02C54000">Stables</Element>
  <Element Key="0x02E29000">Impa's House</Element>
  <Element Key="0x03344000">Lakeside Laboratory</Element>
  <Element Key="0x02E57000">Carpenter's Tent</Element>
  <Element Key="0x02CCC000">Dampé's Hut</Element>
  <Element Key="0x02CF7000">Great Fairy Fountain</Element>
  <Element Key="0x02D12000">Small Fairy Fountain</Element>
  <Element Key="0x02D20000">Magic Fairy Fountain</Element>
  <Element Key="0x026B3000">Grottos</Element>
  <Element Key="0x02D09000">Grave (1)</Element>
  <Element Key="0x0327D000">Grave (2)</Element>
  <Element Key="0x03328000">Royal Family's Tomb</Element>
  <Element Key="0x02860000">Shooting Gallery</Element>
  <Element Key="0x02529000">Temple of Time Inside</Element>
  <Element Key="0x02511000">Chamber of Sages</Element>
  <Element Key="0x0290E000">Castle Courtyard (Day)</Element>
  <Element Key="0x03304000">Castle Courtyard (Night)</Element>
  <Element Key="0x02AA0000">Cutscene Map</Element>
  <Element Key="0x03033000">Dampé's Grave &amp; Kakariko Windmill</Element>
  <Element Key="0x030CA000">Fishing Pond</Element>
  <Element Key="0x02E8C000">Zelda's Courtyard</Element>
  <Element Key="0x03312000">Bombchu Bowling Alley</Element>
  <Element Key="0x0335E000">Talon's House</Element>
  <Element Key="0x03383000">Lots'o Pots</Element>
  <Element Key="0x03394000">Granny's Potion Shop</Element>
  <Element Key="0x033FA000">Final Battle against Ganon</Element>
  <Element Key="0x03439000">Skulltula House</Element>
  <Element Key="0x01FB8000">Hyrule Field</Element>
  <Element Key="0x01FF9000">Kakariko Village</Element>
  <Element Key="0x02020000">Kakariko Graveyard</Element>
  <Element Key="0x0204D000">Zora's River</Element>
  <Element Key="0x0206F000">Kokiri Forest</Element>
  <Element Key="0x020AC000">Sacred Forest Meadow</Element>
  <Element Key="0x020CB000">Lake Hylia</Element>
  <Element Key="0x020F2000">Zora's Domain</Element>
  <Element Key="0x02110000">Zora's Fountain</Element>
  <Element Key="0x0212B000">Gerudo Valley</Element>
  <Element Key="0x02146000">Lost Woods</Element>
  <Element Key="0x02186000">Desert Colossus</Element>
  <Element Key="0x021AD000">Gerudo's Fortress</Element>
  <Element Key="0x021DC000">Haunted Wasteland</Element>
  <Element Key="0x021F6000">Hyrule Castle</Element>
  <Element Key="0x0221D000">Death Mountain</Element>
  <Element Key="0x02247000">Death Mountain Crater</Element>
  <Element Key="0x02271000">Goron City</Element>
  <Element Key="0x029BC000">Lon Lon Ranch</Element>
  <Element Key="0x0292B000">Ganon's Tower (Outside)</Element>
</Table>
