﻿<?xml version="1.0" encoding="utf-8" ?>
<Table KeyType="System.UInt16" ValueType="System.String">
  <Element Key="0x0000">Link / Spawn point</Element>
  <Element Key="0x0002">Stalfos</Element>
  <Element Key="0x0004">Shops</Element>
  <Element Key="0x0007">Disintegrating Blue Flame</Element>
  <Element Key="0x0008">Flame</Element>
  <Element Key="0x0009">Wooden Door</Element>
  <Element Key="0x000A">Treasure Chest</Element>
  <Element Key="0x000B">Great Fairy</Element>
  <Element Key="0x000C">Proximity Activated Firewall</Element>
  <Element Key="0x000D">Poe</Element>
  <Element Key="0x000E">Octorok</Element>
  <Element Key="0x000F">Webbing</Element>
  <Element Key="0x0010">Bomb</Element>
  <Element Key="0x0011">Wallmaster</Element>
  <Element Key="0x0012">Dodongo</Element>
  <Element Key="0x0013">Keese</Element>
  <Element Key="0x0014">Epona</Element>
  <Element Key="0x0015">Collectable Item</Element>
  <Element Key="0x0016">Arrow</Element>
  <Element Key="0x0018">Fairy</Element>
  <Element Key="0x0019">Cucco</Element>
  <Element Key="0x001B">Tektite</Element>
  <Element Key="0x001C">Leever</Element>
  <Element Key="0x001D">Peahat</Element>
  <Element Key="0x001E">Butterfly</Element>
  <Element Key="0x0020">Bug</Element>
  <Element Key="0x0021">Fish</Element>
  <Element Key="0x0023">Room Changing Black Plane</Element>
  <Element Key="0x0024">(Last Unknown)</Element>
  <Element Key="0x0025">Lizalfos</Element>
  <Element Key="0x0026">Wooden Post with Red Cloth</Element>
  <Element Key="0x0027">King Dodongo</Element>
  <Element Key="0x0028">Queen Gohma</Element>
  <Element Key="0x0029">Princess Zelda Child</Element>
  <Element Key="0x002A">Ganon Chasing Impa and Zelda (Cutscene)</Element>
  <Element Key="0x002B">Gohma Larva</Element>
  <Element Key="0x002C">Alpha Cube Copy</Element>
  <Element Key="0x002D">Shabom</Element>
  <Element Key="0x002E">Lifting Wooden Door</Element>
  <Element Key="0x002F">Baby Dodongo</Element>
  <Element Key="0x0030">King Dodongo's Fire</Element>
  <Element Key="0x0032">Boomerang</Element>
  <Element Key="0x0033">Dark Link</Element>
  <Element Key="0x0034">Biri</Element>
  <Element Key="0x0035">Taliparisan</Element>
  <Element Key="0x0037">Skullwalltula</Element>
  <Element Key="0x0038">Torch Slug</Element>
  <Element Key="0x0039">Gameplay_keep Objects</Element>
  <Element Key="0x003A">Stinger</Element>
  <Element Key="0x003B">Ambient Sound Effects</Element>
  <Element Key="0x003C">Normal Horse</Element>
  <Element Key="0x003D">Shopkeeper</Element>
  <Element Key="0x003E">Deku Tree's Jaw</Element>
  <Element Key="0x003F">Dodongo Skull's Jaw</Element>
  <Element Key="0x0040">Lower Part of Megaton Statue</Element>
  <Element Key="0x0041">Huge Stone Spike Platform</Element>
  <Element Key="0x0042">Ganondorf's Horse</Element>
  <Element Key="0x0043">Fire Temple Stone Block</Element>
  <Element Key="0x0044">Spinning Flame Thrower Statue</Element>
  <Element Key="0x0045">Stationary Flame Thrower Statue</Element>
  <Element Key="0x0046">Sink Stone Platform</Element>
  <Element Key="0x0047">Fire Temple Stone Block</Element>
  <Element Key="0x0048">Shiek</Element>
  <Element Key="0x0049">Flame Circle</Element>
  <Element Key="0x004A">Drawbridge</Element>
  <Element Key="0x004B">Ground Pounding Moblin</Element>
  <Element Key="0x004C">Bomb Flower</Element>
  <Element Key="0x004D">Adult Zelda (Cutscene)</Element>
  <Element Key="0x004E">Elevator Platform</Element>
  <Element Key="0x004F">Lock-on Blue Spot? (Unknown)</Element>
  <Element Key="0x0050">Back and Forth Moving Platform</Element>
  <Element Key="0x0051">Rotating Spike Cylinder</Element>
  <Element Key="0x0052">Phantom Ganon</Element>
  <Element Key="0x0054">Armos</Element>
  <Element Key="0x0055">Deku Baba</Element>
  <Element Key="0x0056">Deku Nuts (from Link)</Element>
  <Element Key="0x0057">Spin Attack</Element>
  <Element Key="0x0058">Rising Stone Platform</Element>
  <Element Key="0x0059">Bombable Wall</Element>
  <Element Key="0x005A">Lord Jabu Jabu</Element>
  <Element Key="0x005B">Zelda's Horse</Element>
  <Element Key="0x005C">Stone Stairs</Element>
  <Element Key="0x005D">Blue Warp</Element>
  <Element Key="0x005E">Torch</Element>
  <Element Key="0x005F">Heart Container</Element>
  <Element Key="0x0060">Deku Scrub</Element>
  <Element Key="0x0061">Large Rotating Stone Ring</Element>
  <Element Key="0x0062">Statue Eyes</Element>
  <Element Key="0x0063">Bari</Element>
  <Element Key="0x0064">Dragon Head Statue</Element>
  <Element Key="0x0065">Water Temple Water</Element>
  <Element Key="0x0066">Hookshot</Element>
  <Element Key="0x0067">Phantom Ganon's Horse</Element>
  <Element Key="0x0068">Twisted Hallway</Element>
  <Element Key="0x0069">Bubble</Element>
  <Element Key="0x006A">Temple of Time Windows</Element>
  <Element Key="0x006B">Flying Floor Tile</Element>
  <Element Key="0x006C">Master Sword</Element>
  <Element Key="0x006D">Something with Phantom Ganon (Unknown?)</Element>
  <Element Key="0x006E">Warp Pad</Element>
  <Element Key="0x006F">Metal Gate</Element>
  <Element Key="0x0070">Door of Time</Element>
  <Element Key="0x0071">Hammer Steps in Fire Temple</Element>
  <Element Key="0x0072">Alpha Bird</Element>
  <Element Key="0x0077">Greenery</Element>
  <Element Key="0x007C">Alpha Large Noisy Stone</Element>
  <Element Key="0x007D">Alpha Stone Cube</Element>
  <Element Key="0x0080">Sliding Spike Trap</Element>
  <Element Key="0x0081">Beta Arrow Trap</Element>
  <Element Key="0x0082">Alpha Orange Pot</Element>
  <Element Key="0x0084">Talon</Element>
  <Element Key="0x0085">Dampe Grave Digging Game</Element>
  <Element Key="0x0086">Lowering Circular Platform</Element>
  <Element Key="0x0087">Forest Temple Elevator</Element>
  <Element Key="0x0088">Rotating Room</Element>
  <Element Key="0x0089">Forest Temple Ceiling</Element>
  <Element Key="0x008A">Beamos</Element>
  <Element Key="0x008B">Spiritual Stones/Goddesses/Triforce</Element>
  <Element Key="0x008C">Temple of Time Objects</Element>
  <Element Key="0x008D">Large Firewall</Element>
  <Element Key="0x008E">Floormaster</Element>
  <Element Key="0x008F">Castle Courtyard Guards</Element>
  <Element Key="0x0090">Redead/Gibdo</Element>
  <Element Key="0x0091">Poe Sisters</Element>
  <Element Key="0x0092">Golden Gauntlets Rock</Element>
  <Element Key="0x0093">Poe Puzzle Block</Element>
  <Element Key="0x0094">Fish, Bugs, or Butterflies</Element>
  <Element Key="0x0095">Skulltula/Golden Skulltula</Element>
  <Element Key="0x0096">Flying Volvagia</Element>
  <Element Key="0x0097">Fairy Sprites</Element>
  <Element Key="0x0098">Darunia</Element>
  <Element Key="0x0099">Fire Dancer</Element>
  <Element Key="0x009A">Child Epona</Element>
  <Element Key="0x009B">Hole in Ground Exit</Element>
  <Element Key="0x009C">Graveyard Objects</Element>
  <Element Key="0x009D">Gravestone</Element>
  <Element Key="0x009E">Farore's Wind</Element>
  <Element Key="0x009F">Din's Fire</Element>
  <Element Key="0x00A1">Young Ruto</Element>
  <Element Key="0x00A2">Hole Volvagia</Element>
  <Element Key="0x00A3">Fireball</Element>
  <Element Key="0x00A4">Deadhand</Element>
  <Element Key="0x00A5">Deadhand's Arms</Element>
  <Element Key="0x00A6">Rauru</Element>
  <Element Key="0x00A7">Enemy Spawner</Element>
  <Element Key="0x00A8">Sage Darunia (Cutscene)</Element>
  <Element Key="0x00A9">Impa</Element>
  <Element Key="0x00AA">Treasure Chest Light</Element>
  <Element Key="0x00AB">Core Fire Dancer Creature</Element>
  <Element Key="0x00AC">Volvagia Platform</Element>
  <Element Key="0x00AD">Volvagia Rocks</Element>
  <Element Key="0x00AE">Fake/Invisible Objects</Element>
  <Element Key="0x00AF">Invisible Objects/Metal Gate</Element>
  <Element Key="0x00B0">Shadow Temple Ship</Element>
  <Element Key="0x00B1">Spinning Scythe Statues</Element>
  <Element Key="0x00B3">Gate Guards</Element>
  <Element Key="0x00B4">Falling Rock Spawner</Element>
  <Element Key="0x00B5">Flying Rubble</Element>
  <Element Key="0x00B6">Flobbery Muscle Block</Element>
  <Element Key="0x00B7">Sun Block Switch</Element>
  <Element Key="0x00B8">Gerudo Valley Objects</Element>
  <Element Key="0x00B9">Statue from Darunia's Room</Element>
  <Element Key="0x00BA">Barinade</Element>
  <Element Key="0x00BB">Open Topped Skull Statue</Element>
  <Element Key="0x00BC">Guillotine Blade</Element>
  <Element Key="0x00BD">Coffin Lid</Element>
  <Element Key="0x00BE">Bird Statue/Bombables</Element>
  <Element Key="0x00BF">Crater Smoke Cone</Element>
  <Element Key="0x00C0">Shooting Gallery Game</Element>
  <Element Key="0x00C1">Shooting Gallery Man</Element>
  <Element Key="0x00C2">Shop Shelves</Element>
  <Element Key="0x00C3">Nabooru</Element>
  <Element Key="0x00C4">Morpha</Element>
  <Element Key="0x00C5">Shell Blade</Element>
  <Element Key="0x00C6">Big Octorok</Element>
  <Element Key="0x00C7">Withered Deku Baba</Element>
  <Element Key="0x00C8">Jabu-Jabu Objects</Element>
  <Element Key="0x00C9">Sage Saria (Cutscene)</Element>
  <Element Key="0x00CA">Gorons (Cutscene)</Element>
  <Element Key="0x00CB">Ingo</Element>
  <Element Key="0x00CC">Koume &amp; Kotake</Element>
  <Element Key="0x00CD">Giant Boulder Blocking Dodongo's Cavern</Element>
  <Element Key="0x00CF">Cracked Stone Platform</Element>
  <Element Key="0x00D0">2D Bombable Wall</Element>
  <Element Key="0x00D1">Ice Platform</Element>
  <Element Key="0x00D2">Adult Ruto</Element>
  <Element Key="0x00D3">Deku Tree Sprout</Element>
  <Element Key="0x00D4">Water Noise</Element>
  <Element Key="0x00D5">Lake Hylia Objects</Element>
  <Element Key="0x00D6">Moveable Ice Block</Element>
  <Element Key="0x00D7">Metal Gate (Perhaps more?)</Element>
  <Element Key="0x00D9">Adult Malon</Element>
  <Element Key="0x00DA">Bombchu</Element>
  <Element Key="0x00DB">Horseback Games</Element>
  <Element Key="0x00DC">Twinrova</Element>
  <Element Key="0x00DD">Like-Like</Element>
  <Element Key="0x00DE">Tentacle from Inside Lord Jabu-Jabu</Element>
  <Element Key="0x00DF">Blocking Tentacle from Jabu-Jabu</Element>
  <Element Key="0x00E0">Anubis Body</Element>
  <Element Key="0x00E1">Anubis Fire Attack</Element>
  <Element Key="0x00E2">Ladder (Part of Forest Temple Warped Room)</Element>
  <Element Key="0x00E3">Golden Gate</Element>
  <Element Key="0x00E4">Forest Temple Well Water</Element>
  <Element Key="0x00E5">Death Mountain Cloud Ring</Element>
  <Element Key="0x00E6">Switch from Inside Lord Jabu-Jabu</Element>
  <Element Key="0x00E7">Young Malon</Element>
  <Element Key="0x00E8">Boss Ganondorf</Element>
  <Element Key="0x00E9">Bongo Bongo</Element>
  <Element Key="0x00EC">Spike Enemy</Element>
  <Element Key="0x00ED">Frog Song Spot &amp; Frogs</Element>
  <Element Key="0x00EE">Deku Shield</Element>
  <Element Key="0x00EF">Large Red Ice</Element>
  <Element Key="0x00F0">Blue Flame</Element>
  <Element Key="0x00F1">Ocarina of Time</Element>
  <Element Key="0x00F4">Nayru's Love</Element>
  <Element Key="0x00F5">Sages, Balls of Light (Cutscene)</Element>
  <Element Key="0x00F6">Anubis</Element>
  <Element Key="0x00F7">Shadow Temple Truth Spinner</Element>
  <Element Key="0x00F8">Hyrule Castle Gate</Element>
  <Element Key="0x00F9">Giant Rolling Boulder</Element>
  <Element Key="0x00FA">Moving Brick Wall</Element>
  <Element Key="0x00FC">Rotating Cobra Mirror</Element>
  <Element Key="0x00FD">Climbable Mesh Wall</Element>
  <Element Key="0x00FE">Fishing Game, Fish, and Fisherman</Element>
  <Element Key="0x00FF">Push Block</Element>
  <Element Key="0x0100">Death Mountain Trail Gate</Element>
  <Element Key="0x0101">Dust Motes Gathering Together</Element>
  <Element Key="0x0102">Windmill Sails</Element>
  <Element Key="0x0103">Kakariko Village Well Crossbeams</Element>
  <Element Key="0x0104">Kakariko Well Water</Element>
  <Element Key="0x0105">Golden Torch Stand (Poe Sisters)</Element>
  <Element Key="0x0106">Floor of Ganondorf's Room</Element>
  <Element Key="0x0107">Milk Crate</Element>
  <Element Key="0x0108">Lon Lon Ranch Horse Jumping Fence</Element>
  <Element Key="0x010A">Fire Arrow</Element>
  <Element Key="0x010B">Ice Arrow</Element>
  <Element Key="0x010C">Light Arrow</Element>
  <Element Key="0x010F">GI Collectables (Shields, Bottles, etc)</Element>
  <Element Key="0x0110">Small Wooden Crate</Element>
  <Element Key="0x0111">Breakable Pot</Element>
  <Element Key="0x0112">Invisible Collectable</Element>
  <Element Key="0x0113">Iron Knuckle</Element>
  <Element Key="0x0114">Iron Knuckle Armor Pieces</Element>
  <Element Key="0x0115">Skullkid</Element>
  <Element Key="0x0116">Skullkid's Needle</Element>
  <Element Key="0x0117">Silver Rupee/Large Rotating Pot</Element>
  <Element Key="0x0118">Vortex (Koume/Kotake kidnap Nabooru)</Element>
  <Element Key="0x0119">Bongo Bongo Shadow</Element>
  <Element Key="0x011A">Business Scrub</Element>
  <Element Key="0x011B">Navi Information Spot</Element>
  <Element Key="0x011C">Eye Switch and Flame that Follows Link</Element>
  <Element Key="0x011D">Flying Magic Pot</Element>
  <Element Key="0x011E">Ice That Covers Switches</Element>
  <Element Key="0x011F">Zora's River Waterfall</Element>
  <Element Key="0x0120">Zora's Domain Waterfall</Element>
  <Element Key="0x0121">Freezard</Element>
  <Element Key="0x0122">Dampe's Ghost</Element>
  <Element Key="0x0123">Rotating Windmill Mechanism</Element>
  <Element Key="0x0124">Zora Diving Game</Element>
  <Element Key="0x0125">Grass Clump, doesn't regrow</Element>
  <Element Key="0x0126">Bean Planting Spot</Element>
  <Element Key="0x0127">Brown Boulder</Element>
  <Element Key="0x012A">Dungeon Switches</Element>
  <Element Key="0x012B">Huge Stone Switch/Stone Elevator</Element>
  <Element Key="0x012C">Square Collapsing Platform</Element>
  <Element Key="0x012D">Stone Hookshot Targer</Element>
  <Element Key="0x012E">Play Ocarina Here Spot</Element>
  <Element Key="0x012F">Horseback Archery Target</Element>
  <Element Key="0x0130">Rolling Boulder</Element>
  <Element Key="0x0131">Sparkling Rupee</Element>
  <Element Key="0x0132">Head Carpenter</Element>
  <Element Key="0x0133">Carpenter</Element>
  <Element Key="0x0135">Alpha Blue Balls</Element>
  <Element Key="0x0136">Dark Link's Illusion Room</Element>
  <Element Key="0x0137">Zelda's Magic to Open Gates</Element>
  <Element Key="0x0138">White Clothed Gerudo</Element>
  <Element Key="0x0139">Block Save Point</Element>
  <Element Key="0x013A">Alpha Link Shadow Activator</Element>
  <Element Key="0x013B">Alpha Arwing</Element>
  <Element Key="0x013C">Cucco Lady</Element>
  <Element Key="0x013D">Medigoron</Element>
  <Element Key="0x013E">Bean Seller</Element>
  <Element Key="0x013F">Carpenter's Son</Element>
  <Element Key="0x0140">Ingo's Gates</Element>
  <Element Key="0x0141">Square Signpost</Element>
  <Element Key="0x0142">Hyrule Castle Guard</Element>
  <Element Key="0x0143">Hopping Cucco, Not Solid</Element>
  <Element Key="0x0144">Attacking Cucco</Element>
  <Element Key="0x0145">Stone Blocking Well Entrance</Element>
  <Element Key="0x0146">Saria</Element>
  <Element Key="0x0147">Checkable Spot</Element>
  <Element Key="0x0148">Rainbow Bridge</Element>
  <Element Key="0x0149">Potion Shop Lady</Element>
  <Element Key="0x014A">Lake Hylia Doctor</Element>
  <Element Key="0x014B">Bombchu Bowling Girl</Element>
  <Element Key="0x014C">Bombchu Bowling Pit</Element>
  <Element Key="0x014D">Kaepora Gaebora</Element>
  <Element Key="0x014E">Rock</Element>
  <Element Key="0x014F">Grave Flower</Element>
  <Element Key="0x0150">Light Activated Sun Switch/Sun Block</Element>
  <Element Key="0x0151">Circle of Bushes</Element>
  <Element Key="0x0152">Goron (Cutscene?)</Element>
  <Element Key="0x0153">Windmill Man</Element>
  <Element Key="0x0155">Treasure Chests from Treasure Box Game</Element>
  <Element Key="0x0156">Large Stone Face</Element>
  <Element Key="0x0157">Hanging Platform</Element>
  <Element Key="0x0158">Large Circular Mirror</Element>
  <Element Key="0x0159">Light Blocking Rock</Element>
  <Element Key="0x015A">Circular, Lifting Metal Shutter</Element>
  <Element Key="0x015B">Bombable Rock</Element>
  <Element Key="0x015C">Giant Three Sided Goron Statue</Element>
  <Element Key="0x015E">Ganondorf's Organ</Element>
  <Element Key="0x015F">Water Spout</Element>
  <Element Key="0x0160">Whirlpool Effect</Element>
  <Element Key="0x0162">Running Man</Element>
  <Element Key="0x0163">Kokiri</Element>
  <Element Key="0x0164">King Zora</Element>
  <Element Key="0x0165">Weather Effects</Element>
  <Element Key="0x0166">Bongo Bongo Floor</Element>
  <Element Key="0x0167">Kakariko Village Rooftop Man</Element>
  <Element Key="0x0168">Lost Woods Slingshot Game</Element>
  <Element Key="0x0169">Brick Pillar</Element>
  <Element Key="0x016A">Bombchu Salesman</Element>
  <Element Key="0x016B">Flying Carpet</Element>
  <Element Key="0x016C">Graveyard Boy</Element>
  <Element Key="0x016D">Mido</Element>
  <Element Key="0x016E">Hylians</Element>
  <Element Key="0x016F">Ganondorf's Mantle</Element>
  <Element Key="0x0170">Rain &amp; Lightning</Element>
  <Element Key="0x0171">Title Screen Actor</Element>
  <Element Key="0x0172">Metal Grate Door</Element>
  <Element Key="0x0173">Targetable Navi Spot</Element>
  <Element Key="0x0174">Ganon's Tower Collapsing</Element>
  <Element Key="0x0175">Hyrule Field Poes/Big Poes</Element>
  <Element Key="0x0176">Lava Sprites</Element>
  <Element Key="0x0177">Metal Bars</Element>
  <Element Key="0x0178">Hyrule Guard</Element>
  <Element Key="0x0179">Adult Zelda</Element>
  <Element Key="0x017A">Ganon</Element>
  <Element Key="0x017B">Scarecrow</Element>
  <Element Key="0x017C">Treasure Chest Shop Man</Element>
  <Element Key="0x017D">Push Block (Has Savepoint)</Element>
  <Element Key="0x017E">Sun's Song effect</Element>
  <Element Key="0x017F">The End Message</Element>
  <Element Key="0x0181">Treasure Chest (Variable chosen by Hole)</Element>
  <Element Key="0x0182">Ranch NPC's (Ending Cutscene)</Element>
  <Element Key="0x0183">Fire Arrow Shot/Sun's Song Fairy</Element>
  <Element Key="0x0184">Great Fairy's Pink and Yellow Beams</Element>
  <Element Key="0x0185">Checkable Spot</Element>
  <Element Key="0x0186">Patrolling Gerudo</Element>
  <Element Key="0x0187">Room Timer</Element>
  <Element Key="0x0188">Cursed Skulltula People</Element>
  <Element Key="0x0189">Uncursed Skulltula People</Element>
  <Element Key="0x018A">Zelda's Lullaby Effect</Element>
  <Element Key="0x018B">Song of Storms Effect</Element>
  <Element Key="0x018C">Stingray</Element>
  <Element Key="0x018D">Sacred Forest Meadow Water &amp; Gate</Element>
  <Element Key="0x018E">Stone Platform</Element>
  <Element Key="0x018F">Pillar after being hit by Iron Knuckle\</Element>
  <Element Key="0x0191">Gerudo Training Area Gate</Element>
  <Element Key="0x0192">Green Deku Scrubs</Element>
  <Element Key="0x0193">Deku Scrub's Deku Nut Attack</Element>
  <Element Key="0x0194">Broken Drawbridge</Element>
  <Element Key="0x0195">Grounded Business Scrub</Element>
  <Element Key="0x0196">Dampe Game Collectables</Element>
  <Element Key="0x0197">Gerudo Fighter</Element>
  <Element Key="0x0198">Epona's Song Effect</Element>
  <Element Key="0x0199">Saria's Song Effect</Element>
  <Element Key="0x019A">Child Chasing Cucco in Hyrule Market</Element>
  <Element Key="0x019B">Dog</Element>
  <Element Key="0x019C">Golden Skulltula Token</Element>
  <Element Key="0x019D">Semi-Built Shooting Gallery</Element>
  <Element Key="0x019E">Beehive</Element>
  <Element Key="0x019F">Nayru Fountain Bombable Wall</Element>
  <Element Key="0x01A0">Crate</Element>
  <Element Key="0x01A1">Deku Stage Cutscene</Element>
  <Element Key="0x01A2">Deku Stage Judge</Element>
  <Element Key="0x01A3">Deku Panel</Element>
  <Element Key="0x01A4">Man in Purple Pants and White Top</Element>
  <Element Key="0x01A5">Bombchu Bowling Alley Game</Element>
  <Element Key="0x01A6">Carpenter's Son (Child)</Element>
  <Element Key="0x01A7">Ganon's Tower Magic Barrier</Element>
  <Element Key="0x01A8">Zora's Fountain Bombable Wall</Element>
  <Element Key="0x01A9">Death Mountain Crater Bombable Wall</Element>
  <Element Key="0x01AB">Tower of Rupees</Element>
  <Element Key="0x01AC">Honey &amp; Darling</Element>
  <Element Key="0x01AD">Haggling Townspeople</Element>
  <Element Key="0x01AE">Most Normal Gorons and Biggoron</Element>
  <Element Key="0x01AF">Wolfos</Element>
  <Element Key="0x01B0">Stalchildren</Element>
  <Element Key="0x01B1">Ganon Battle Rubble</Element>
  <Element Key="0x01B2">Crumbling Stone</Element>
  <Element Key="0x01B3">Sinkable Lava Platform</Element>
  <Element Key="0x01B4">Invisible/Transparent Platforms</Element>
  <Element Key="0x01B5">Web Blocked Light Window</Element>
  <Element Key="0x01B6">2D Stone Wall</Element>
  <Element Key="0x01B7">Large Square Ice Block</Element>
  <Element Key="0x01B8">Poe Collector</Element>
  <Element Key="0x01B9">Gossip Stone</Element>
  <Element Key="0x01BA">Bombable Stone Wall</Element>
  <Element Key="0x01BB">Metal Gate</Element>
  <Element Key="0x01BC">Carpenters in Kakariko</Element>
  <Element Key="0x01BD">Bombchu Bowling Alley Wall</Element>
  <Element Key="0x01BE">Bombchu Bowling Alley Wall 2</Element>
  <Element Key="0x01BF">Haunted Wasteland Guiding Poe</Element>
  <Element Key="0x01C0">Guay</Element>
  <Element Key="0x01C1">Fake Stomping Door</Element>
  <Element Key="0x01C2">Refilling Oasis</Element>
  <Element Key="0x01C3">Lid to the Giant Goron Pot</Element>
  <Element Key="0x01C4">Goron Room Door</Element>
  <Element Key="0x01C5">Adult Malon (Ranch)</Element>
  <Element Key="0x01C6">Cow</Element>
  <Element Key="0x01C7">Ice Stalagmite/Stalagtite</Element>
  <Element Key="0x01C8">2D Ice Bars</Element>
  <Element Key="0x01C9">Scarecrow Song Spot</Element>
  <Element Key="0x01CA">Bonooru the Scarecrow</Element>
  <Element Key="0x01CB">Song of Time Effect</Element>
  <Element Key="0x01CC">Zelda's Path in Ganon Castle Escape?</Element>
  <Element Key="0x01CD">Circular Piece of Stone Wall</Element>
  <Element Key="0x01CE">Zora</Element>
  <Element Key="0x01CF">Skulltula Sprouting from Bean Spot</Element>
  <Element Key="0x01D0">Gerudo giving you Membership Card</Element>
  <Element Key="0x01D1">Time Block</Element>
  <Element Key="0x01D2">Bronze Boulder</Element>
  <Element Key="0x01D3">Princess Zelda (Child - Cutscene)</Element>
  <Element Key="0x01D4">Running Man (Adult)</Element>
  <Element Key="0x01D5">Young Link Silver Block</Element>
  <Element Key="0x01D6">Time Block Spawning Spot</Element>
</Table>
