﻿<?xml version="1.0" encoding="utf-8" ?>
<Table KeyType="System.Byte" ValueType="System.String">
  <Element Key="0x00">Nothing (1)</Element>
  <Element Key="0x01">Nothing (2)</Element>
  <Element Key="0x02">Overworld (1)</Element>
  <Element Key="0x03">Overworld (2)</Element>
  <Element Key="0x04">Overworld (3)</Element>
  <Element Key="0x05">Overworld (4)</Element>
  <Element Key="0x06">Overworld (5)</Element>
  <Element Key="0x07">Overworld (6)</Element>
  <Element Key="0x08">Overworld (7)</Element>
  <Element Key="0x09">Overworld (8)</Element>
  <Element Key="0x0A">Overworld (9)</Element>
  <Element Key="0x0B">Overworld (10)</Element>
  <Element Key="0x0C">Overworld (11)</Element>
  <Element Key="0x0D">Overworld (12)</Element>
  <Element Key="0x0E">Overworld (13)</Element>
  <Element Key="0x0F">Overworld (14)</Element>
  <Element Key="0x10">Overworld (15)</Element>
  <Element Key="0x11">Overworld (16)</Element>
  <Element Key="0x12">Overworld (17)</Element>
  <Element Key="0x13">Overworld (18)</Element>
  <Element Key="0x14">Overworld (19)</Element>
  <Element Key="0x15">Overworld (20)</Element>
  <Element Key="0x16">Overworld (21)</Element>
  <Element Key="0x17">Overworld (22)</Element>
  <Element Key="0x18">Dungeon</Element>
  <Element Key="0x19">Kakariko Village (Strings)</Element>
  <Element Key="0x1A">An Enemy Is Near</Element>
  <Element Key="0x1B">The Boss</Element>
  <Element Key="0x1C">Deku Tree / Underground</Element>
  <Element Key="0x1D">Market</Element>
  <Element Key="0x1E">Introduction</Element>
  <Element Key="0x1F">Inside My Home</Element>
  <Element Key="0x20">Link Falls</Element>
  <Element Key="0x21">The Boss Is Defeated</Element>
  <Element Key="0x22">I Have Found It!</Element>
  <Element Key="0x23">Ganondorf</Element>
  <Element Key="0x24">Power Up</Element>
  <Element Key="0x25">Minuet of Forest</Element>
  <Element Key="0x26">Jabu-Jabu's Belly</Element>
  <Element Key="0x27">Kakariko Village (Guitar)</Element>
  <Element Key="0x28">Fairy Fountain</Element>
  <Element Key="0x29">Zelda's Courtyard</Element>
  <Element Key="0x2A">Fire Temple</Element>
  <Element Key="0x2B">Opening the Chest</Element>
  <Element Key="0x2C">Forest Temple</Element>
  <Element Key="0x2D">Sneaking Through the Castle</Element>
  <Element Key="0x2E">Ganon's Organ</Element>
  <Element Key="0x2F">Lon Lon Ranch</Element>
  <Element Key="0x30">Goron City</Element>
  <Element Key="0x31">Hyrule Field</Element>
  <Element Key="0x32">Got the Stone</Element>
  <Element Key="0x33">Bolero of Fire</Element>
  <Element Key="0x34">Minuet of Forest</Element>
  <Element Key="0x35">Serenade of Water</Element>
  <Element Key="0x36">Requiem of Spirit</Element>
  <Element Key="0x37">Nocturne of Shadow</Element>
  <Element Key="0x38">The Mini-Boss</Element>
  <Element Key="0x39">Congratulations!</Element>
  <Element Key="0x3A">Temple of Time</Element>
  <Element Key="0x3B">Got Epona!</Element>
  <Element Key="0x3C">Kokiri Forest</Element>
  <Element Key="0x3D">Learned a Song</Element>
  <Element Key="0x3E">Lost Woods</Element>
  <Element Key="0x3F">Spirit Temple</Element>
  <Element Key="0x40">The Race Is On!</Element>
  <Element Key="0x41">Across the Finish Line</Element>
  <Element Key="0x42">Ingo Loses</Element>
  <Element Key="0x43">Gain a Medallion</Element>
  <Element Key="0x44">Saria's Song</Element>
  <Element Key="0x45">Epona's Song</Element>
  <Element Key="0x46">Zelda's Lullaby</Element>
  <Element Key="0x47">Sun Song</Element>
  <Element Key="0x48">Song of Time</Element>
  <Element Key="0x49">Song of Storms</Element>
  <Element Key="0x4A">Navi's Flying Around</Element>
  <Element Key="0x4B">Deku Tree's Words</Element>
  <Element Key="0x4C">Inside the Windmill</Element>
  <Element Key="0x4D">Flight of the Goddesses</Element>
  <Element Key="0x4E">Games 'n' Fun</Element>
  <Element Key="0x4F">Sheik's Harp</Element>
  <Element Key="0x50">Zora Domain</Element>
  <Element Key="0x51">And It's...</Element>
  <Element Key="0x52">Zelda in the Sky</Element>
  <Element Key="0x53">Time Travel</Element>
  <Element Key="0x54">Ganondorf!</Element>
  <Element Key="0x55">Shop 'Til You Drop</Element>
  <Element Key="0x56">Temple of Light</Element>
  <Element Key="0x57">Fairy Fountain</Element>
  <Element Key="0x58">Ice Cavern</Element>
  <Element Key="0x59">The Door of Time</Element>
  <Element Key="0x5A">The Owl Speaks</Element>
  <Element Key="0x5B">Shadow Temple</Element>
  <Element Key="0x5C">Water Temple</Element>
  <Element Key="0x5D">The Goddesses Depart</Element>
  <Element Key="0x5E">The Sages Unite</Element>
  <Element Key="0x5F">Gerudo Valley</Element>
  <Element Key="0x60">The Hag's Shop</Element>
  <Element Key="0x61">Kotake and Koume</Element>
  <Element Key="0x62">The Castle is Falling!</Element>
  <Element Key="0x63">Ganon's Castle</Element>
  <Element Key="0x64">Ganon Attacks</Element>
  <Element Key="0x65">Ganon's Transformation</Element>
  <Element Key="0x66">Zelda Plays Her Song</Element>
  <Element Key="0x67">The End (1)</Element>
  <Element Key="0x68">The End (2)</Element>
  <Element Key="0x69">The End (3)</Element>
  <Element Key="0x6A">The End (4)</Element>
  <Element Key="0x6B">Ganondorf Attacks</Element>
  <Element Key="0x6C">Gotta Catch 'Em All</Element>
  <Element Key="0x7F">Nothing</Element>
</Table>
