﻿<?xml version="1.0" encoding="utf-8" ?>
<Table KeyType="System.UInt32" ValueType="System.String">
  <Element Key="0x01FC2000">Inside the Deku Tree</Element>
  <Element Key="0x0203A000">Dodongo's Cavern</Element>
  <Element Key="0x020E0000">Inside Jabu-Jabu's Belly</Element>
  <Element Key="0x02149000">Forest Temple</Element>
  <Element Key="0x02213000">Fire Temple</Element>
  <Element Key="0x0230B000">Water Temple</Element>
  <Element Key="0x023DC000">Spirit Temple</Element>
  <Element Key="0x024EA000">Shadow Temple</Element>
  <Element Key="0x0258E000">Bottom of the Well</Element>
  <Element Key="0x025CC000">Ice Cavern</Element>
  <Element Key="0x03130000">Ganon's Castle Tower</Element>
  <Element Key="0x02635000">Gerudo Training Grounds</Element>
  <Element Key="0x0340B000">Thieves' Hideout</Element>
  <Element Key="0x026A4000">Ganon's Castle</Element>
  <Element Key="0x03505000">Ganon's Castle Tower (Crumbling)</Element>
  <Element Key="0x0358C000">Ganon's Castle (Crumbling)</Element>
  <Element Key="0x034E1000">Treasure Chest Contest</Element>
  <Element Key="0x03101000">Inside the Deku Tree (Boss)</Element>
  <Element Key="0x030F5000">Dodongo's Cavern (Boss)</Element>
  <Element Key="0x02EFD000">Inside Jabu-Jabu's Belly (Boss)</Element>
  <Element Key="0x02C74000">Forest Temple (Boss)</Element>
  <Element Key="0x02F08000">Fire Temple (Boss)</Element>
  <Element Key="0x0311D000">Water Temple (Boss)</Element>
  <Element Key="0x031A4000">Spirit Temple (Mid-Boss)</Element>
  <Element Key="0x03111000">Shadow Temple (Boss)</Element>
  <Element Key="0x03196000">Second-To-Last Boss Ganondorf</Element>
  <Element Key="0x03234000">Ganondorf, Death Scene</Element>
  <Element Key="0x02C4D000">Market Entrance (Day)</Element>
  <Element Key="0x02D9D000">Market Entrance (Night)</Element>
  <Element Key="0x02DC4000">Market Entrance (Adult)</Element>
  <Element Key="0x02D07000">Back Alley (Day)</Element>
  <Element Key="0x02DEB000">Back Alley (Night)</Element>
  <Element Key="0x02AE4000">Market (Day)</Element>
  <Element Key="0x02AED000">Market (Night)</Element>
  <Element Key="0x02D98000">Market (Adult)</Element>
  <Element Key="0x032DD000">Temple of Time (Outside, Day)</Element>
  <Element Key="0x0334C000">Temple of Time (Outside, Night)</Element>
  <Element Key="0x033A1000">Temple of Time (Outside, Adult)</Element>
  <Element Key="0x02BBC000">Know-it-all Brothers</Element>
  <Element Key="0x02E68000">House of Twins</Element>
  <Element Key="0x031C6000">Mido's House</Element>
  <Element Key="0x03201000">Saria's House</Element>
  <Element Key="0x02ED1000">Kakariko Village House</Element>
  <Element Key="0x03254000">Back Alley Village House</Element>
  <Element Key="0x02C9F000">Kakariko Bazaar</Element>
  <Element Key="0x02B8A000">Kokiri Shop</Element>
  <Element Key="0x02F7F000">Goron Shop</Element>
  <Element Key="0x02FA7000">Zora Shop</Element>
  <Element Key="0x02FCF000">Kakariko Potion Shop</Element>
  <Element Key="0x02FFC000">Market Potion Shop</Element>
  <Element Key="0x03024000">Bombchu Shop</Element>
  <Element Key="0x0354B000">Happy Mask Shop</Element>
  <Element Key="0x02B60000">Link's House</Element>
  <Element Key="0x0304E000">Puppy Woman's House</Element>
  <Element Key="0x02EA1000">Stables</Element>
  <Element Key="0x03076000">Impa's House</Element>
  <Element Key="0x0347F000">Lakeside Laboratory</Element>
  <Element Key="0x030A4000">Carpenter's Tent</Element>
  <Element Key="0x02F19000">Dampé's Hut</Element>
  <Element Key="0x02F44000">Great Fairy Fountain</Element>
  <Element Key="0x02F5F000">Small Fairy Fountain</Element>
  <Element Key="0x02F6D000">Magic Fairy Fountain</Element>
  <Element Key="0x02BE9000">Grottos</Element>
  <Element Key="0x02F56000">Grave (1)</Element>
  <Element Key="0x033F6000">Grave (2)</Element>
  <Element Key="0x03463000">Royal Family's Tomb</Element>
  <Element Key="0x02C8A000">Shooting Gallery</Element>
  <Element Key="0x02B24000">Temple of Time Inside</Element>
  <Element Key="0x02B0C000">Chamber of Sages</Element>
  <Element Key="0x02CCA000">Castle Courtyard (Day)</Element>
  <Element Key="0x0343F000">Castle Courtyard (Night)</Element>
  <Element Key="0x02E63000">Cutscene Map</Element>
  <Element Key="0x0329B000">Dampé's Grave &amp; Kakariko Windmill</Element>
  <Element Key="0x03332000">Fishing Pond</Element>
  <Element Key="0x030D9000">Zelda's Courtyard</Element>
  <Element Key="0x0344D000">Bombchu Bowling Alley</Element>
  <Element Key="0x03499000">Talon's House</Element>
  <Element Key="0x034BE000">Lots'o Pots</Element>
  <Element Key="0x034CF000">Granny's Potion Shop</Element>
  <Element Key="0x03535000">Final Battle against Ganon</Element>
  <Element Key="0x0357B000">Skulltula House</Element>
  <Element Key="0x027D6000">Hyrule Field</Element>
  <Element Key="0x02817000">Kakariko Village</Element>
  <Element Key="0x0283E000">Kakariko Graveyard</Element>
  <Element Key="0x0286B000">Zora's River</Element>
  <Element Key="0x0288D000">Kokiri Forest</Element>
  <Element Key="0x028CA000">Sacred Forest Meadow</Element>
  <Element Key="0x028E9000">Lake Hylia</Element>
  <Element Key="0x02910000">Zora's Domain</Element>
  <Element Key="0x0292E000">Zora's Fountain</Element>
  <Element Key="0x02949000">Gerudo Valley</Element>
  <Element Key="0x02964000">Lost Woods</Element>
  <Element Key="0x029A4000">Desert Colossus</Element>
  <Element Key="0x029CB000">Gerudo's Fortress</Element>
  <Element Key="0x029FA000">Haunted Wasteland</Element>
  <Element Key="0x02A14000">Hyrule Castle</Element>
  <Element Key="0x02A3B000">Death Mountain</Element>
  <Element Key="0x02A65000">Death Mountain Crater</Element>
  <Element Key="0x02A8F000">Goron City</Element>
  <Element Key="0x02D7F000">Lon Lon Ranch</Element>
  <Element Key="0x02CE7000">Ganon's Tower (Outside)</Element>
  <Element Key="0x035B3000">Collision Testing Area</Element>
  <Element Key="0x03544000">Besitu / Treasure Chest Warp</Element>
  <Element Key="0x027AF000">Depth Test</Element>
  <Element Key="0x02793000">Stalfos Middle Room</Element>
  <Element Key="0x027A2000">Stalfos Boss Room</Element>
  <Element Key="0x02B57000">Dark Link Testing Area</Element>
  <Element Key="0x03280000">Beta Castle Courtyard</Element>
  <Element Key="0x02D00000">Action Testing Room</Element>
  <Element Key="0x02AF6000">Item Testing Room</Element>
</Table>
