﻿<?xml version="1.0" encoding="utf-8" ?>
<Table KeyType="SceneNavi.ROMHandler.HeaderLoader+StageKey" ValueType="System.String">
  <Element Key="0x01FC2000, 0">Normal Gameplay</Element>
  <Element Key="0x0203A000, 0">Normal Gameplay</Element>
  <Element Key="0x020E0000, 0">Normal Gameplay</Element>
  <Element Key="0x020E0000, 1">Cutscene: Meeting Ruto &amp; Zora's Sapphire</Element>
  <Element Key="0x02149000, 0">Normal Gameplay</Element>
  <Element Key="0x02213000, 0">Normal Gameplay</Element>
  <Element Key="0x0230B000, 0">Normal Gameplay</Element>
  <Element Key="0x023DC000, 0">Normal Gameplay</Element>
  <Element Key="0x024EA000, 0">Normal Gameplay</Element>
  <Element Key="0x0258E000, 0">Normal Gameplay</Element>
  <Element Key="0x025CC000, 0">Normal Gameplay</Element>
  <Element Key="0x025CC000, 1">Cutscene: Learning Serenade of Water</Element>
  <Element Key="0x03130000, 0">Normal Gameplay</Element>
  <Element Key="0x02635000, 0">Normal Gameplay</Element>
  <Element Key="0x0340B000, 0">Normal Gameplay</Element>
  <Element Key="0x026A4000, 0">Normal Gameplay</Element>
  <Element Key="0x03505000, 0">Normal Gameplay</Element>
  <Element Key="0x0358C000, 0">Normal Gameplay</Element>
  <Element Key="0x034E1000, 0">Normal Gameplay</Element>
  <Element Key="0x03101000, 0">Normal Gameplay</Element>
  <Element Key="0x030F5000, 0">Normal Gameplay</Element>
  <Element Key="0x02EFD000, 0">Normal Gameplay</Element>
  <Element Key="0x02C74000, 0">Normal Gameplay</Element>
  <Element Key="0x02F08000, 0">Normal Gameplay</Element>
  <Element Key="0x0311D000, 0">Normal Gameplay</Element>
  <Element Key="0x031A4000, 0">??? 1</Element>
  <Element Key="0x031A4000, 1">??? 2</Element>
  <Element Key="0x031A4000, 2">??? 3</Element>
  <Element Key="0x031A4000, 3">??? 4</Element>
  <Element Key="0x03111000, 0">Normal Gameplay</Element>
  <Element Key="0x03196000, 0">Normal Gameplay</Element>
  <Element Key="0x03234000, 0">Normal Gameplay</Element>
  <Element Key="0x02C4D000, 0">Normal Gameplay</Element>
  <Element Key="0x02D9D000, 0">Normal Gameplay</Element>
  <Element Key="0x02DC4000, 0">Normal Gameplay</Element>
  <Element Key="0x02D07000, 0">Normal Gameplay</Element>
  <Element Key="0x02DEB000, 0">Normal Gameplay</Element>
  <Element Key="0x02AE4000, 0">Normal Gameplay</Element>
  <Element Key="0x02AED000, 0">Normal Gameplay</Element>
  <Element Key="0x02D98000, 0">Normal Gameplay</Element>
  <Element Key="0x032DD000, 0">Normal Gameplay</Element>
  <Element Key="0x0334C000, 0">Normal Gameplay</Element>
  <Element Key="0x033A1000, 0">Normal Gameplay</Element>
  <Element Key="0x02BBC000, 0">Normal Gameplay</Element>
  <Element Key="0x02E68000, 0">Normal Gameplay</Element>
  <Element Key="0x031C6000, 0">Normal Gameplay</Element>
  <Element Key="0x03201000, 0">Normal Gameplay</Element>
  <Element Key="0x02ED1000, 0">Normal Gameplay</Element>
  <Element Key="0x03254000, 0">Normal Gameplay</Element>
  <Element Key="0x02C9F000, 0">Normal Gameplay</Element>
  <Element Key="0x02B8A000, 0">Normal Gameplay</Element>
  <Element Key="0x02F7F000, 0">Normal Gameplay</Element>
  <Element Key="0x02FA7000, 0">Normal Gameplay</Element>
  <Element Key="0x02FCF000, 0">Normal Gameplay</Element>
  <Element Key="0x02FFC000, 0">Normal Gameplay</Element>
  <Element Key="0x03024000, 0">Normal Gameplay</Element>
  <Element Key="0x0354B000, 0">Normal Gameplay</Element>
  <Element Key="0x02B60000, 0">Normal Gameplay</Element>
  <Element Key="0x02B60000, 1">Cutscene: Meeting Navi</Element>
  <Element Key="0x02B60000, 2">Cutscene: Link's Nightmare</Element>
  <Element Key="0x0304E000, 0">Normal Gameplay</Element>
  <Element Key="0x02EA1000, 0">Normal Gameplay</Element>
  <Element Key="0x03076000, 0">Normal Gameplay</Element>
  <Element Key="0x0347F000, 0">Normal Gameplay</Element>
  <Element Key="0x030A4000, 0">Normal Gameplay</Element>
  <Element Key="0x02F19000, 0">Normal Gameplay</Element>
  <Element Key="0x02F44000, 0">Normal Gameplay</Element>
  <Element Key="0x02F44000, 1">Cutscene: Receiving Spin Attack</Element>
  <Element Key="0x02F44000, 2">Cutscene: Receiving double magic meter</Element>
  <Element Key="0x02F44000, 3">Cutscene: Receiving double defense</Element>
  <Element Key="0x02F5F000, 0">Normal Gameplay</Element>
  <Element Key="0x02F6D000, 0">Normal Gameplay</Element>
  <Element Key="0x02F6D000, 1">Cutscene: Receiving Farore's Wind</Element>
  <Element Key="0x02F6D000, 2">Cutscene: Receiving Din's Fire</Element>
  <Element Key="0x02F6D000, 3">Cutscene: Receiving Nayru's Love</Element>
  <Element Key="0x02BE9000, 0">Normal Gameplay</Element>
  <Element Key="0x02F56000, 0">Normal Gameplay</Element>
  <Element Key="0x033F6000, 0">Normal Gameplay</Element>
  <Element Key="0x03463000, 0">Normal Gameplay</Element>
  <Element Key="0x03463000, 1">Cutscene: ??? 1</Element>
  <Element Key="0x03463000, 2">Cutscene: ??? 2</Element>
  <Element Key="0x02C8A000, 0">Normal Gameplay</Element>
  <Element Key="0x02C8A000, 1">Cutscene: ??? 1</Element>
  <Element Key="0x02C8A000, 2">Cutscene: ??? 2</Element>
  <Element Key="0x02C8A000, 3">Cutscene: ??? 3</Element>
  <!-- next: 0x02B24000  ToT -->
</Table>
